value,
23.46,4/1 0ʱ
23.18,4/1 1ʱ
22.8,4/1 2ʱ
22.46,4/1 3ʱ
22.11,4/1 4ʱ
21.73,4/1 5ʱ
21.48,4/1 6ʱ
21.24,4/1 7ʱ
21.05,4/1 8ʱ
20.9,4/1 9ʱ
21.08,4/1 10ʱ
21.37,4/1 11ʱ
21.55,4/1 12ʱ
21.78,4/1 13ʱ
21.96,4/1 14ʱ
22.2,4/1 15ʱ
22.32,4/1 16ʱ
22.44,4/1 17ʱ
22.3,4/1 18ʱ
22.31,4/1 19ʱ
22.37,4/1 20ʱ
22.3,4/1 21ʱ
22.1,4/1 22ʱ
21.93,4/1 23ʱ
21.77,4/2 0ʱ
21.58,4/2 1ʱ
21.37,4/2 2ʱ
21.28,4/2 3ʱ
21.12,4/2 4ʱ
20.8,4/2 5ʱ
20.47,4/2 6ʱ
20.28,4/2 7ʱ
20.2,4/2 8ʱ
20.23,4/2 9ʱ
20.77,4/2 10ʱ
21.47,4/2 11ʱ
22.1,4/2 12ʱ
22.55,4/2 13ʱ
23.01,4/2 14ʱ
23.43,4/2 15ʱ
23.83,4/2 16ʱ
24.09,4/2 17ʱ
24.07,4/2 18ʱ
23.91,4/2 19ʱ
23.71,4/2 20ʱ
23.65,4/2 21ʱ
23.66,4/2 22ʱ
23.48,4/2 23ʱ
23.24,4/3 0ʱ
23.06,4/3 1ʱ
22.93,4/3 2ʱ
22.54,4/3 3ʱ
22.23,4/3 4ʱ
21.88,4/3 5ʱ
21.53,4/3 6ʱ
21.21,4/3 7ʱ
21.01,4/3 8ʱ
21.33,4/3 9ʱ
21.93,4/3 10ʱ
22.85,4/3 11ʱ
23.61,4/3 12ʱ
24.33,4/3 13ʱ
24.74,4/3 14ʱ
24.98,4/3 15ʱ
25.39,4/3 16ʱ
25.64,4/3 17ʱ
25.74,4/3 18ʱ
25.68,4/3 19ʱ
25.53,4/3 20ʱ
25.31,4/3 21ʱ
25.08,4/3 22ʱ
24.79,4/3 23ʱ
24.47,4/4 0ʱ
24.24,4/4 1ʱ
23.9,4/4 2ʱ
23.46,4/4 3ʱ
22.98,4/4 4ʱ
22.52,4/4 5ʱ
22.08,4/4 6ʱ
21.68,4/4 7ʱ
21.64,4/4 8ʱ
21.94,4/4 9ʱ
22.64,4/4 10ʱ
23.49,4/4 11ʱ
24.39,4/4 12ʱ
25.2,4/4 13ʱ
25.76,4/4 14ʱ
26.37,4/4 15ʱ
26.77,4/4 16ʱ
27.09,4/4 17ʱ
27.19,4/4 18ʱ
27.36,4/4 19ʱ
27.23,4/4 20ʱ
27.03,4/4 21ʱ
26.82,4/4 22ʱ
26.52,4/4 23ʱ
26.37,4/5 0ʱ
26.12,4/5 1ʱ
25.8,4/5 2ʱ
25.55,4/5 3ʱ
25.23,4/5 3ʱ
25.12,4/5 4ʱ
24.95,4/5 5ʱ
24.52,4/5 6ʱ
24.63,4/5 7ʱ
24.71,4/5 8ʱ
24.69,4/5 9ʱ
25.07,4/5 10ʱ
26.06,4/5 11ʱ
26.96,4/5 12ʱ
27.6,4/5 13ʱ
28.11,4/5 14ʱ
28.4,4/5 15ʱ
28.71,4/5 16ʱ
29.01,4/5 17ʱ
28.78,4/5 18ʱ
28.65,4/5 19ʱ
28.57,4/5 20ʱ
28.54,4/5 21ʱ
28.53,4/5 22ʱ
28.16,4/5 23ʱ
28.12,4/6 0ʱ
27.8,4/6 1ʱ
27.28,4/6 2ʱ
27.01,4/6 3ʱ
26.83,4/6 4ʱ
26.58,4/6 5ʱ
26.43,4/6 6ʱ
26.37,4/6 7ʱ
27.04,4/6 8ʱ
27.86,4/6 9ʱ
28.8,4/6 10ʱ
29.62,4/6 11ʱ
30.32,4/6 12ʱ
30.87,4/6 13ʱ
31.3,4/6 14ʱ
31.61,4/6 15ʱ
31.77,4/6 16ʱ
31.91,4/6 17ʱ
32.01,4/6 18ʱ
32.03,4/6 19ʱ
32.14,4/6 20ʱ
31.74,4/6 21ʱ
31.48,4/6 22ʱ
31.16,4/6 23ʱ
30.96,4/7 0ʱ
30.57,4/7 1ʱ
30.13,4/7 2ʱ
29.87,4/7 3ʱ
29.45,4/7 4ʱ
28.99,4/7 5ʱ
28.62,4/7 6ʱ
28.72,4/7 7ʱ
29.11,4/7 8ʱ
30.05,4/7 9ʱ
30.96,4/7 10ʱ
31.76,4/7 11ʱ
32.44,4/7 12ʱ
33,4/7 13ʱ
33.41,4/7 14ʱ
33.87,4/7 15ʱ
34.16,4/7 16ʱ
34.1,4/7 17ʱ
33.89,4/7 18ʱ
33.64,4/7 19ʱ
33.3,4/7 20ʱ
32.94,4/7 21ʱ
32.41,4/7 22ʱ
32.01,4/7 23ʱ
31.48,4/8 0ʱ
31.05,4/8 1ʱ
30.35,4/8 2ʱ
29.77,4/8 3ʱ
29.33,4/8 4ʱ
28.41,4/8 5ʱ
27.93,4/8 6ʱ
27.91,4/8 7ʱ
28.63,4/8 8ʱ
29.68,4/8 9ʱ
30.96,4/8 10ʱ
32.1,4/8 11ʱ
33.07,4/8 12ʱ
33.83,4/8 13ʱ
34.39,4/8 14ʱ
34.8,4/8 15ʱ
35.19,4/8 16ʱ
35.48,4/8 17ʱ
35.41,4/8 18ʱ
35.32,4/8 19ʱ
35.12,4/8 20ʱ
35.01,4/8 21ʱ
34.35,4/8 22ʱ
33.64,4/8 23ʱ
33.17,4/9 0ʱ
32.75,4/9 1ʱ
32.37,4/9 2ʱ
31.68,4/9 3ʱ
30.96,4/9 4ʱ
30.62,4/9 5ʱ
30.41,4/9 6ʱ
30.26,4/9 7ʱ
30.86,4/9 8ʱ
31.94,4/9 9ʱ
33.17,4/9 10ʱ
34.21,4/9 11ʱ
34.96,4/9 12ʱ
35.47,4/9 13ʱ
35.85,4/9 14ʱ
36.16,4/9 15ʱ
36.53,4/9 16ʱ
36.6,4/9 17ʱ
36.39,4/9 18ʱ
36.3,4/9 19ʱ
36.07,4/9 20ʱ
35.76,4/9 21ʱ
35.01,4/9 22ʱ
34.24,4/9 23ʱ
33.8,4/10 0ʱ
33.36,4/10 1ʱ
32.98,4/10 2ʱ
32.6,4/10 3ʱ
32.3,4/10 4ʱ
32.01,4/10 5ʱ
31.81,4/10 6ʱ
31.6,4/10 7ʱ
31.86,4/10 8ʱ
32.62,4/10 9ʱ
33.34,4/10 10ʱ
34.09,4/10 11ʱ
34.82,4/10 12ʱ
35.37,4/10 13ʱ
35.82,4/10 14ʱ
36.3,4/10 15ʱ
36.85,4/10 16ʱ
37.03,4/10 17ʱ
37.01,4/10 18ʱ
36.82,4/10 19ʱ
36.66,4/10 20ʱ
36.51,4/10 21ʱ
36.19,4/10 22ʱ
35.57,4/10 23ʱ
35.16,4/11 0ʱ
34.61,4/11 1ʱ
34.05,4/11 2ʱ
33.62,4/11 3ʱ
33.23,4/11 4ʱ
32.91,4/11 5ʱ
32.64,4/11 6ʱ
32.62,4/11 7ʱ
33.1,4/11 8ʱ
34.1,4/11 9ʱ
35.35,4/11 10ʱ
36.21,4/11 11ʱ
37.14,4/11 12ʱ
37.73,4/11 13ʱ
38.07,4/11 14ʱ
38.44,4/11 15ʱ
38.8,4/11 16ʱ
38.82,4/11 17ʱ
38.73,4/11 18ʱ
38.28,4/11 19ʱ
38.12,4/11 20ʱ
37.96,4/11 21ʱ
37.59,4/11 22ʱ
37.01,4/11 23ʱ
36.6,4/12 0ʱ
36.13,4/12 1ʱ
35.53,4/12 2ʱ
35.23,4/12 3ʱ
34.94,4/12 4ʱ
35.03,4/12 5ʱ
34.96,4/12 6ʱ
34.67,4/12 7ʱ
34.74,4/12 8ʱ
35.6,4/12 9ʱ
36.67,4/12 10ʱ
37.51,4/12 11ʱ
38.23,4/12 12ʱ
38.58,4/12 13ʱ
38.8,4/12 14ʱ
38.96,4/12 15ʱ
39.03,4/12 16ʱ
38.89,4/12 17ʱ
38.53,4/12 18ʱ
38.24,4/12 19ʱ
37.41,4/12 20ʱ
36.14,4/12 21ʱ
34.78,4/12 22ʱ
33.73,4/12 23ʱ
32.71,4/13 0ʱ
31.84,4/13 1ʱ
30.86,4/13 2ʱ
30.01,4/13 3ʱ
29.11,4/13 4ʱ
28.51,4/13 5ʱ
27.36,4/13 6ʱ
26.88,4/13 7ʱ
26.37,4/13 8ʱ
26.05,4/13 9ʱ
26.05,4/13 10ʱ
25.98,4/13 11ʱ
25.87,4/13 12ʱ
25.74,4/13 13ʱ
25.58,4/13 14ʱ
25.43,4/13 15ʱ
25.36,4/13 16ʱ
25.24,4/13 17ʱ
25.05,4/13 18ʱ
24.99,4/13 19ʱ
24.9,4/13 20ʱ
24.73,4/13 21ʱ
24.81,4/13 22ʱ
24.73,4/13 23ʱ
24.78,4/14 0ʱ
24.81,4/14 1ʱ
24.85,4/14 2ʱ
24.87,4/14 3ʱ
24.96,4/14 4ʱ
25.05,4/14 5ʱ
25.19,4/14 6ʱ
25.35,4/14 7ʱ
25.57,4/14 8ʱ
25.61,4/14 9ʱ
25.98,4/14 10ʱ
26.62,4/14 11ʱ
27.01,4/14 12ʱ
27.38,4/14 13ʱ
27.47,4/14 14ʱ
27.88,4/14 15ʱ
28.05,4/14 16ʱ
27.98,4/14 17ʱ
27.86,4/14 18ʱ
27.94,4/14 19ʱ
28.01,4/14 20ʱ
27.86,4/14 21ʱ
27.71,4/14 22ʱ
27.43,4/14 23ʱ
27.27,4/15 0ʱ
27.21,4/15 1ʱ
27.31,4/15 2ʱ
27.28,4/15 3ʱ
27.16,4/15 4ʱ
27.01,4/15 5ʱ
26.8,4/15 6ʱ
26.82,4/15 7ʱ
26.79,4/15 8ʱ
26.7,4/15 9ʱ
26.71,4/15 10ʱ
26.87,4/15 11ʱ
27.06,4/15 12ʱ
27.3,4/15 13ʱ
27.56,4/15 14ʱ
27.68,4/15 15ʱ
27.7,4/15 16ʱ
27.44,4/15 17ʱ
27.37,4/15 18ʱ
27.28,4/15 19ʱ
27.19,4/15 20ʱ
27.12,4/15 21ʱ
27.07,4/15 22ʱ
27.04,4/15 23ʱ
27.19,4/16 0ʱ
27.12,4/16 1ʱ
27.03,4/16 2ʱ
26.62,4/16 3ʱ
26.68,4/16 4ʱ
26.46,4/16 5ʱ
26.2,4/16 6ʱ
26.35,4/16 7ʱ
26.41,4/16 8ʱ
26.73,4/16 9ʱ
27.22,4/16 10ʱ
27.33,4/16 11ʱ
27.57,4/16 12ʱ
27.64,4/16 13ʱ
27.72,4/16 14ʱ
27.81,4/16 15ʱ
27.77,4/16 16ʱ
27.83,4/16 17ʱ
27.64,4/16 18ʱ
27.64,4/16 19ʱ
27.46,4/16 20ʱ
27.32,4/16 21ʱ
27.23,4/16 22ʱ
27.12,4/16 23ʱ
26.97,4/17 0ʱ
26.84,4/17 1ʱ
26.57,4/17 2ʱ
26.32,4/17 3ʱ
25.98,4/17 4ʱ
25.85,4/17 5ʱ
25.77,4/17 6ʱ
25.79,4/17 7ʱ
26.18,4/17 8ʱ
27.01,4/17 9ʱ
27.82,4/17 10ʱ
28.54,4/17 11ʱ
28.99,4/17 12ʱ
29.26,4/17 13ʱ
29.49,4/17 14ʱ
29.62,4/17 15ʱ
29.77,4/17 16ʱ
29.63,4/17 17ʱ
29.53,4/17 18ʱ
29.33,4/17 19ʱ
29.24,4/17 20ʱ
29.06,4/17 21ʱ
28.76,4/17 22ʱ
28.37,4/17 23ʱ
28.29,4/18 0ʱ
28.15,4/18 1ʱ
28.15,4/18 2ʱ
28.12,4/18 3ʱ
27.96,4/18 4ʱ
27.71,4/18 5ʱ
27.81,4/18 6ʱ
27.66,4/18 7ʱ
28.06,4/18 8ʱ
28.56,4/18 9ʱ
29.28,4/18 10ʱ
29.88,4/18 11ʱ
30.43,4/18 12ʱ
30.85,4/18 13ʱ
31.2,4/18 14ʱ
31.43,4/18 15ʱ
31.71,4/18 16ʱ
31.69,4/18 17ʱ
31.3,4/18 18ʱ
31.15,4/18 19ʱ
31.12,4/18 20ʱ
30.78,4/18 21ʱ
30.33,4/18 22ʱ
29.87,4/18 23ʱ
29.54,4/19 0ʱ
29.19,4/19 1ʱ
28.86,4/19 2ʱ
28.64,4/19 3ʱ
28.26,4/19 4ʱ
28.01,4/19 5ʱ
27.9,4/19 6ʱ
28.16,4/19 7ʱ
28.85,4/19 8ʱ
29.66,4/19 9ʱ
30.41,4/19 10ʱ
31.13,4/19 11ʱ
31.68,4/19 12ʱ
32.22,4/19 13ʱ
32.62,4/19 14ʱ
32.94,4/19 15ʱ
33.16,4/19 16ʱ
33.26,4/19 17ʱ
33.28,4/19 18ʱ
33.22,4/19 19ʱ
33.1,4/19 20ʱ
32.76,4/19 21ʱ
32.26,4/19 22ʱ
31.81,4/19 23ʱ
31.37,4/20 0ʱ
31.01,4/20 1ʱ
30.37,4/20 2ʱ
29.97,4/20 3ʱ
29.48,4/20 4ʱ
29.18,4/20 5ʱ
29.05,4/20 6ʱ
29.32,4/20 7ʱ
30.24,4/20 8ʱ
31.3,4/20 9ʱ
32.3,4/20 10ʱ
33.16,4/20 11ʱ
33.85,4/20 12ʱ
34.26,4/20 13ʱ
34.69,4/20 14ʱ
34.96,4/20 15ʱ
35.23,4/20 16ʱ
35.14,4/20 17ʱ
34.98,4/20 18ʱ
34.83,4/20 19ʱ
34.51,4/20 20ʱ
34.16,4/20 21ʱ
33.67,4/20 22ʱ
33.23,4/20 23ʱ
32.76,4/21 0ʱ
32.24,4/21 1ʱ
31.82,4/21 2ʱ
31.48,4/21 3ʱ
31.13,4/21 4ʱ
30.74,4/21 5ʱ
30.47,4/21 6ʱ
30.84,4/21 7ʱ
31.73,4/21 8ʱ
32.57,4/21 9ʱ
33.55,4/21 10ʱ
34.23,4/21 11ʱ
35.12,4/21 12ʱ
35.69,4/21 13ʱ
36.24,4/21 14ʱ
36.87,4/21 15ʱ
37.39,4/21 16ʱ
37.74,4/21 17ʱ
37.73,4/21 18ʱ
37.48,4/21 19ʱ
37.14,4/21 20ʱ
36.66,4/21 21ʱ
36.1,4/21 22ʱ
35.51,4/21 23ʱ
34.96,4/22 0ʱ
34.48,4/22 1ʱ
34.1,4/22 2ʱ
33.87,4/22 3ʱ
33.51,4/22 4ʱ
33.19,4/22 5ʱ
32.92,4/22 6ʱ
33,4/22 7ʱ
33.57,4/22 8ʱ
34.71,4/22 9ʱ
35.64,4/22 10ʱ
36.39,4/22 11ʱ
36.99,4/22 12ʱ
37.14,4/22 13ʱ
37.07,4/22 14ʱ
36.98,4/22 15ʱ
36.28,4/22 16ʱ
35.48,4/22 17ʱ
34.55,4/22 18ʱ
33.89,4/22 19ʱ
33.37,4/22 20ʱ
32.89,4/22 21ʱ
32.3,4/22 22ʱ
31.79,4/22 23ʱ
31.19,4/23 0ʱ
30.85,4/23 1ʱ
30.63,4/23 2ʱ
30.61,4/23 3ʱ
30.47,4/23 4ʱ
30.37,4/23 5ʱ
30.43,4/23 6ʱ
30.57,4/23 7ʱ
30.85,4/23 8ʱ
31.2,4/23 9ʱ
31.71,4/23 10ʱ
32.28,4/23 11ʱ
32.96,4/23 12ʱ
33.39,4/23 13ʱ
33.85,4/23 14ʱ
34.14,4/23 15ʱ
34.35,4/23 16ʱ
34.49,4/23 17ʱ
34.42,4/23 18ʱ
34.35,4/23 19ʱ
34.12,4/23 20ʱ
33.94,4/23 21ʱ
33.71,4/23 22ʱ
33.44,4/23 23ʱ
33.1,4/24 0ʱ
32.66,4/24 1ʱ
32.28,4/24 2ʱ
32.01,4/24 3ʱ
31.68,4/24 4ʱ
31.43,4/24 5ʱ
31.24,4/24 6ʱ
31.7,4/24 7ʱ
32.57,4/24 8ʱ
33.48,4/24 9ʱ
34.44,4/24 10ʱ
35.42,4/24 11ʱ
36.26,4/24 12ʱ
36.89,4/24 13ʱ
37.32,4/24 14ʱ
37.74,4/24 15ʱ
38.05,4/24 16ʱ
38.12,4/24 17ʱ
38.01,4/24 18ʱ
37.69,4/24 19ʱ
37.35,4/24 20ʱ
36.94,4/24 21ʱ
36.46,4/24 22ʱ
36.01,4/24 23ʱ
35.48,4/25 0ʱ
35.11,4/25 1ʱ
34.69,4/25 2ʱ
34.21,4/25 3ʱ
33.91,4/25 4ʱ
33.44,4/25 5ʱ
33.1,4/25 6ʱ
33.05,4/25 7ʱ
33.32,4/25 8ʱ
33.85,4/25 9ʱ
34.32,4/25 10ʱ
33.64,4/25 11ʱ
33.53,4/25 12ʱ
33.83,4/25 13ʱ
34.34,4/25 14ʱ
34.69,4/25 15ʱ
34.8,4/25 16ʱ
35.1,4/25 17ʱ
35.12,4/25 18ʱ
35.26,4/25 19ʱ
35.37,4/25 20ʱ
35.46,4/25 21ʱ
35.67,4/25 22ʱ
35.59,4/25 23ʱ
35.41,4/26 0ʱ
35.19,4/26 1ʱ
35.01,4/26 2ʱ
34.62,4/26 3ʱ
34.39,4/26 4ʱ
34.1,4/26 5ʱ
33.73,4/26 6ʱ
33.44,4/26 7ʱ
33.16,4/26 8ʱ
33.01,4/26 9ʱ
33.32,4/26 10ʱ
33.82,4/26 11ʱ
34.23,4/26 12ʱ
34.6,4/26 13ʱ
34.89,4/26 14ʱ
35.19,4/26 15ʱ
35.17,4/26 16ʱ
35.07,4/26 17ʱ
34.89,4/26 18ʱ
34.57,4/26 19ʱ
34.32,4/26 20ʱ
34.01,4/26 21ʱ
33.69,4/26 22ʱ
33.35,4/26 23ʱ
33.1,4/27 0ʱ
32.83,4/27 1ʱ
32.53,4/27 2ʱ
32.16,4/27 3ʱ
31.96,4/27 4ʱ
31.76,4/27 5ʱ
31.74,4/27 6ʱ
32.07,4/27 7ʱ
32.55,4/27 8ʱ
33.1,4/27 9ʱ
33.48,4/27 10ʱ
33.66,4/27 11ʱ
33.74,4/27 12ʱ
33.91,4/27 13ʱ
34.01,4/27 14ʱ
34.03,4/27 15ʱ
33.89,4/27 16ʱ
33.57,4/27 17ʱ
33.32,4/27 18ʱ
33.1,4/27 19ʱ
32.87,4/27 20ʱ
32.66,4/27 21ʱ
32.55,4/27 22ʱ
32.35,4/27 23ʱ
32.23,4/28 0ʱ
31.88,4/28 1ʱ
31.66,4/28 2ʱ
31.46,4/28 3ʱ
31.19,4/28 4ʱ
30.77,4/28 5ʱ
30.4,4/28 6ʱ
30.21,4/28 7ʱ
30.26,4/28 8ʱ
30.4,4/28 9ʱ
30.71,4/28 10ʱ
31.21,4/28 11ʱ
31.39,4/28 12ʱ
31.22,4/28 13ʱ
30.83,4/28 14ʱ
30.41,4/28 15ʱ
29.93,4/28 16ʱ
29.21,4/28 17ʱ
28.58,4/28 18ʱ
28.06,4/28 19ʱ
27.8,4/28 20ʱ
27.4,4/28 21ʱ
26.74,4/28 22ʱ
26.13,4/28 23ʱ
25.47,4/29 0ʱ
24.92,4/29 1ʱ
24.41,4/29 2ʱ
23.98,4/29 3ʱ
23.53,4/29 4ʱ
23.31,4/29 5ʱ
23.38,4/29 6ʱ
23.47,4/29 7ʱ
23.6,4/29 8ʱ
23.82,4/29 9ʱ
24.18,4/29 10ʱ
24.53,4/29 11ʱ
24.85,4/29 12ʱ
25.19,4/29 13ʱ
25.38,4/29 14ʱ
25.63,4/29 15ʱ
25.71,4/29 16ʱ
25.83,4/29 17ʱ
26.01,4/29 18ʱ
25.87,4/29 19ʱ
26.05,4/29 20ʱ
26.04,4/29 21ʱ
26.15,4/29 22ʱ
26.05,4/29 23ʱ
25.99,4/30 0ʱ
25.88,4/30 1ʱ
25.77,4/30 2ʱ
25.68,4/30 3ʱ
25.7,4/30 4ʱ
25.56,4/30 5ʱ
25.66,4/30 6ʱ
25.72,4/30 7ʱ
26.06,4/30 8ʱ
26.43,4/30 9ʱ
26.39,4/30 10ʱ
26.46,4/30 11ʱ
26.62,4/30 12ʱ
26.59,4/30 13ʱ
26.58,4/30 14ʱ
26.48,4/30 15ʱ
26.44,4/30 16ʱ
26.37,4/30 17ʱ
26.4,4/30 18ʱ
26.48,4/30 19ʱ
26.46,4/30 20ʱ
26.72,4/30 21ʱ
26.71,4/30 22ʱ
26.76,4/30 23ʱ
26.61,5/1 0ʱ
26.43,5/1 1ʱ
26.37,5/1 2ʱ
26.27,5/1 3ʱ
25.99,5/1 4ʱ
25.8,5/1 5ʱ
25.83,5/1 6ʱ
25.66,5/1 7ʱ
25.55,5/1 8ʱ
25.71,5/1 9ʱ
25.94,5/1 10ʱ
26.2,5/1 11ʱ
26.7,5/1 12ʱ
26.87,5/1 13ʱ
27.22,5/1 14ʱ
27.54,5/1 15ʱ
27.68,5/1 16ʱ
27.79,5/1 17ʱ
27.73,5/1 18ʱ
27.7,5/1 19ʱ
27.71,5/1 20ʱ
27.47,5/1 21ʱ
27.33,5/1 22ʱ
27.06,5/1 23ʱ
26.79,5/2 0ʱ
26.31,5/2 1ʱ
25.96,5/2 2ʱ
25.62,5/2 3ʱ
25.37,5/2 4ʱ
25.12,5/2 5ʱ
25.19,5/2 6ʱ
25.55,5/2 7ʱ
26.32,5/2 8ʱ
27.48,5/2 9ʱ
28.3,5/2 10ʱ
29.1,5/2 11ʱ
29.72,5/2 12ʱ
30.12,5/2 13ʱ
30.55,5/2 14ʱ
30.9,5/2 15ʱ
31.37,5/2 16ʱ
31.57,5/2 17ʱ
31.73,5/2 18ʱ
31.76,5/2 19ʱ
31.7,5/2 20ʱ
31.46,5/2 21ʱ
31.22,5/2 22ʱ
30.91,5/2 23ʱ
30.52,5/3 0ʱ
30.3,5/3 1ʱ
30.05,5/3 2ʱ
29.62,5/3 3ʱ
29.26,5/3 4ʱ
28.97,5/3 5ʱ
28.87,5/3 6ʱ
29.26,5/3 7ʱ
30.23,5/3 8ʱ
31.46,5/3 9ʱ
32.46,5/3 10ʱ
33.53,5/3 11ʱ
34.41,5/3 12ʱ
34.89,5/3 13ʱ
35.39,5/3 14ʱ
35.69,5/3 15ʱ
35.89,5/3 16ʱ
35.74,5/3 17ʱ
35.57,5/3 18ʱ
35.39,5/3 19ʱ
35.05,5/3 20ʱ
34.46,5/3 21ʱ
33.44,5/3 22ʱ
32.21,5/3 23ʱ
31.37,5/4 0ʱ
30.76,5/4 1ʱ
30.13,5/4 2ʱ
29.8,5/4 3ʱ
29.39,5/4 4ʱ
29.27,5/4 5ʱ
29.24,5/4 6ʱ
29.79,5/4 7ʱ
30.83,5/4 8ʱ
32.26,5/4 9ʱ
33.35,5/4 10ʱ
34.48,5/4 11ʱ
35.34,5/4 12ʱ
35.84,5/4 13ʱ
36.19,5/4 14ʱ
36.6,5/4 15ʱ
36.91,5/4 16ʱ
36.76,5/4 17ʱ
36.64,5/4 18ʱ
36.21,5/4 19ʱ
35.46,5/4 20ʱ
34.49,5/4 21ʱ
33.41,5/4 22ʱ
32.62,5/4 23ʱ
32.26,5/5 0ʱ
31.79,5/5 1ʱ
31.41,5/5 2ʱ
31.18,5/5 3ʱ
30.76,5/5 4ʱ
30.58,5/5 5ʱ
30.48,5/5 6ʱ
30.8,5/5 7ʱ
31.9,5/5 8ʱ
33.16,5/5 9ʱ
34.37,5/5 10ʱ
35.46,5/5 11ʱ
36.26,5/5 12ʱ
36.75,5/5 13ʱ
37.23,5/5 14ʱ
37.53,5/5 15ʱ
37.69,5/5 16ʱ
37.64,5/5 17ʱ
37.41,5/5 18ʱ
36.91,5/5 19ʱ
36.17,5/5 20ʱ
35.35,5/5 21ʱ
34.21,5/5 22ʱ
33.46,5/5 23ʱ
33.1,5/6 0ʱ
32.74,5/6 1ʱ
32.69,5/6 2ʱ
32.49,5/6 3ʱ
32.23,5/6 4ʱ
31.96,5/6 5ʱ
32.16,5/6 6ʱ
32.66,5/6 7ʱ
33.6,5/6 8ʱ
34.82,5/6 9ʱ
35.69,5/6 10ʱ
36.41,5/6 11ʱ
37.07,5/6 12ʱ
37.48,5/6 13ʱ
37.8,5/6 14ʱ
38.03,5/6 15ʱ
38.09,5/6 16ʱ
37.89,5/6 17ʱ
37.89,5/6 18ʱ
37.84,5/6 19ʱ
37.6,5/6 20ʱ
37.19,5/6 21ʱ
36.82,5/6 22ʱ
36.03,5/6 23ʱ
35.28,5/7 0ʱ
34.73,5/7 1ʱ
34.12,5/7 2ʱ
33.32,5/7 3ʱ
32.6,5/7 4ʱ
32.03,5/7 5ʱ
31.71,5/7 6ʱ
32.01,5/7 7ʱ
32.74,5/7 8ʱ
33.62,5/7 9ʱ
34.48,5/7 10ʱ
35.14,5/7 11ʱ
35.76,5/7 12ʱ
36.17,5/7 13ʱ
36.21,5/7 14ʱ
36.1,5/7 15ʱ
35.99,5/7 16ʱ
35.74,5/7 17ʱ
35.39,5/7 18ʱ
35.1,5/7 19ʱ
34.8,5/7 20ʱ
34.57,5/7 21ʱ
34.26,5/7 22ʱ
33.96,5/7 23ʱ
33.66,5/8 0ʱ
33.26,5/8 1ʱ
32.78,5/8 2ʱ
32.37,5/8 3ʱ
31.96,5/8 4ʱ
31.64,5/8 5ʱ
31.66,5/8 6ʱ
32.07,5/8 7ʱ
32.53,5/8 8ʱ
33.14,5/8 9ʱ
33.49,5/8 10ʱ
34.07,5/8 11ʱ
34.64,5/8 12ʱ
34.78,5/8 13ʱ
34.89,5/8 14ʱ
34.92,5/8 15ʱ
34.78,5/8 16ʱ
34.53,5/8 17ʱ
34.07,5/8 18ʱ
33.47,5/8 19ʱ
32.94,5/8 20ʱ
32.37,5/8 21ʱ
31.87,5/8 22ʱ
31.55,5/8 23ʱ
31.3,5/9 0ʱ
31.11,5/9 1ʱ
30.95,5/9 2ʱ
30.58,5/9 3ʱ
30.3,5/9 4ʱ
30.05,5/9 5ʱ
29.81,5/9 6ʱ
29.62,5/9 7ʱ
29.53,5/9 8ʱ
29.23,5/9 9ʱ
29.18,5/9 10ʱ
28.78,5/9 11ʱ
28.27,5/9 12ʱ
27.86,5/9 13ʱ
27.8,5/9 14ʱ
27.93,5/9 15ʱ
27.99,5/9 16ʱ
27.55,5/9 17ʱ
27.32,5/9 18ʱ
27.32,5/9 19ʱ
27.15,5/9 20ʱ
27.12,5/9 21ʱ
27.11,5/9 22ʱ
27.1,5/9 23ʱ
27.3,5/10 0ʱ
27.41,5/10 1ʱ
27.8,5/10 2ʱ
28.1,5/10 3ʱ
28.21,5/10 4ʱ
28.35,5/10 5ʱ
28.7,5/10 6ʱ
28.77,5/10 7ʱ
29.05,5/10 8ʱ
29.21,5/10 9ʱ
29.48,5/10 10ʱ
29.64,5/10 11ʱ
29.52,5/10 12ʱ
29.62,5/10 13ʱ
29.55,5/10 14ʱ
29.47,5/10 15ʱ
28.96,5/10 16ʱ
28.82,5/10 17ʱ
28.72,5/10 18ʱ
28.62,5/10 19ʱ
28.46,5/10 20ʱ
28.3,5/10 21ʱ
28.16,5/10 22ʱ
28.05,5/10 23ʱ
28.18,5/11 0ʱ
28.3,5/11 1ʱ
28.44,5/11 2ʱ
28.57,5/11 3ʱ
28.8,5/11 4ʱ
28.91,5/11 5ʱ
29.19,5/11 6ʱ
29.42,5/11 7ʱ
29.62,5/11 8ʱ
29.94,5/11 9ʱ
30.01,5/11 10ʱ
30.01,5/11 11ʱ
30.2,5/11 12ʱ
30.19,5/11 13ʱ
30.18,5/11 14ʱ
30.13,5/11 15ʱ
30.05,5/11 16ʱ
30.01,5/11 17ʱ
29.99,5/11 18ʱ
29.85,5/11 19ʱ
29.71,5/11 20ʱ
29.58,5/11 21ʱ
29.56,5/11 22ʱ
29.43,5/11 23ʱ
29.24,5/12 0ʱ
29.26,5/12 1ʱ
29.15,5/12 2ʱ
29.07,5/12 3ʱ
28.93,5/12 4ʱ
28.73,5/12 5ʱ
28.8,5/12 6ʱ
28.94,5/12 7ʱ
29.31,5/12 8ʱ
29.74,5/12 9ʱ
30.18,5/12 10ʱ
30.71,5/12 11ʱ
30.74,5/12 12ʱ
30.8,5/12 13ʱ
30.88,5/12 14ʱ
30.96,5/12 15ʱ
30.85,5/12 16ʱ
30.62,5/12 17ʱ
30.46,5/12 18ʱ
30.31,5/12 19ʱ
29.89,5/12 20ʱ
29.73,5/12 21ʱ
29.49,5/12 22ʱ
29.32,5/12 23ʱ
29.12,5/13 0ʱ
28.93,5/13 1ʱ
28.65,5/13 2ʱ
28.27,5/13 3ʱ
27.9,5/13 4ʱ
27.51,5/13 5ʱ
27.35,5/13 6ʱ
27.45,5/13 7ʱ
27.54,5/13 8ʱ
27.65,5/13 9ʱ
27.61,5/13 10ʱ
27.61,5/13 11ʱ
27.71,5/13 12ʱ
27.93,5/13 13ʱ
28.21,5/13 14ʱ
28.43,5/13 15ʱ
28.65,5/13 16ʱ
28.72,5/13 17ʱ
28.55,5/13 18ʱ
28.63,5/13 19ʱ
28.6,5/13 20ʱ
28.55,5/13 21ʱ
28.49,5/13 22ʱ
28.24,5/13 23ʱ
28.11,5/14 0ʱ
28.16,5/14 1ʱ
28.35,5/14 2ʱ
28.39,5/14 3ʱ
28.23,5/14 4ʱ
28.13,5/14 5ʱ
28.49,5/14 6ʱ
29.05,5/14 7ʱ
30.01,5/14 8ʱ
30.7,5/14 9ʱ
31.14,5/14 10ʱ
31.44,5/14 11ʱ
31.61,5/14 12ʱ
31.7,5/14 13ʱ
31.71,5/14 14ʱ
31.6,5/14 15ʱ
31.31,5/14 16ʱ
30.96,5/14 17ʱ
30.65,5/14 18ʱ
30.15,5/14 19ʱ
29.19,5/14 20ʱ
28.08,5/14 21ʱ
27.38,5/14 22ʱ
26.64,5/14 23ʱ
26.22,5/15 0ʱ
25.52,5/15 1ʱ
24.97,5/15 2ʱ
23.96,5/15 3ʱ
23.03,5/15 4ʱ
22.48,5/15 5ʱ
22.01,5/15 6ʱ
21.98,5/15 7ʱ
22.06,5/15 8ʱ
22.32,5/15 9ʱ
22.98,5/15 10ʱ
23.71,5/15 11ʱ
24.63,5/15 12ʱ
25.55,5/15 13ʱ
26.58,5/15 14ʱ
27.38,5/15 15ʱ
27.96,5/15 16ʱ
28.08,5/15 17ʱ
28.06,5/15 18ʱ
28.23,5/15 19ʱ
28.15,5/15 20ʱ
27.96,5/15 21ʱ
27.89,5/15 22ʱ
27.96,5/15 23ʱ
27.95,5/16 0ʱ
28.01,5/16 1ʱ
28.18,5/16 2ʱ
28.05,5/16 3ʱ
27.99,5/16 4ʱ
28.18,5/16 5ʱ
28.4,5/16 6ʱ
29.29,5/16 7ʱ
30.18,5/16 8ʱ
31.04,5/16 9ʱ
31.73,5/16 10ʱ
32.42,5/16 11ʱ
32.91,5/16 12ʱ
33.1,5/16 13ʱ
33.32,5/16 14ʱ
33.62,5/16 15ʱ
33.78,5/16 16ʱ
33.69,5/16 17ʱ
33.62,5/16 18ʱ
33.53,5/16 19ʱ
33.14,5/16 20ʱ
32.53,5/16 21ʱ
32.14,5/16 22ʱ
31.43,5/16 23ʱ
30.86,5/17 0ʱ
30.47,5/17 1ʱ
30.05,5/17 2ʱ
29.78,5/17 3ʱ
29.46,5/17 4ʱ
29.01,5/17 5ʱ
29.2,5/17 6ʱ
29.68,5/17 7ʱ
30.71,5/17 8ʱ
31.76,5/17 9ʱ
32.67,5/17 10ʱ
33.57,5/17 11ʱ
34.3,5/17 12ʱ
34.69,5/17 13ʱ
35.16,5/17 14ʱ
35.44,5/17 15ʱ
35.51,5/17 16ʱ
35.41,5/17 17ʱ
35.14,5/17 18ʱ
34.79,5/17 19ʱ
34.6,5/17 20ʱ
33.89,5/17 21ʱ
33.23,5/17 22ʱ
32.85,5/17 23ʱ
32.3,5/18 0ʱ
31.94,5/18 1ʱ
31.71,5/18 2ʱ
31.44,5/18 3ʱ
31.21,5/18 4ʱ
30.96,5/18 5ʱ
30.95,5/18 6ʱ
31.18,5/18 7ʱ
31.99,5/18 8ʱ
32.69,5/18 9ʱ
33.6,5/18 10ʱ
34.51,5/18 11ʱ
35.19,5/18 12ʱ
35.66,5/18 13ʱ
36.07,5/18 14ʱ
36.23,5/18 15ʱ
36.23,5/18 16ʱ
35.98,5/18 17ʱ
35.71,5/18 18ʱ
35.07,5/18 19ʱ
34.12,5/18 20ʱ
33.71,5/18 21ʱ
33.05,5/18 22ʱ
32.64,5/18 23ʱ
32.14,5/19 0ʱ
31.71,5/19 1ʱ
31.45,5/19 2ʱ
31.05,5/19 3ʱ
30.85,5/19 4ʱ
30.48,5/19 5ʱ
30.2,5/19 6ʱ
29.98,5/19 7ʱ
30.05,5/19 8ʱ
30.31,5/19 9ʱ
30.49,5/19 10ʱ
30.96,5/19 11ʱ
31.21,5/19 12ʱ
31.26,5/19 13ʱ
31.2,5/19 14ʱ
31.12,5/19 15ʱ
30.95,5/19 16ʱ
30.87,5/19 17ʱ
30.69,5/19 18ʱ
30.53,5/19 19ʱ
30.3,5/19 20ʱ
29.93,5/19 21ʱ
29.36,5/19 22ʱ
28.91,5/19 23ʱ
28.61,5/20 0ʱ
28.35,5/20 1ʱ
28.32,5/20 2ʱ
28.46,5/20 3ʱ
28.58,5/20 4ʱ
28.83,5/20 5ʱ
29.01,5/20 6ʱ
29.32,5/20 7ʱ
29.56,5/20 8ʱ
30.01,5/20 9ʱ
30.32,5/20 10ʱ
30.43,5/20 11ʱ
30.56,5/20 12ʱ
30.85,5/20 13ʱ
31.21,5/20 14ʱ
31.43,5/20 15ʱ
31.58,5/20 16ʱ
31.63,5/20 17ʱ
31.62,5/20 18ʱ
31.48,5/20 19ʱ
31.28,5/20 20ʱ
31.05,5/20 21ʱ
30.88,5/20 22ʱ
30.64,5/20 23ʱ
30.49,5/21 0ʱ
30.26,5/21 1ʱ
30.01,5/21 2ʱ
29.86,5/21 3ʱ
29.66,5/21 4ʱ
29.56,5/21 5ʱ
29.51,5/21 6ʱ
29.96,5/21 7ʱ
30.96,5/21 8ʱ
31.98,5/21 9ʱ
32.82,5/21 10ʱ
33.84,5/21 11ʱ
34.78,5/21 12ʱ
35.31,5/21 13ʱ
35.64,5/21 14ʱ
36.01,5/21 15ʱ
36.3,5/21 16ʱ
36.12,5/21 17ʱ
35.89,5/21 18ʱ
35.62,5/21 19ʱ
35.41,5/21 20ʱ
35.01,5/21 21ʱ
34.78,5/21 22ʱ
34.32,5/21 23ʱ
34.1,5/22 0ʱ
33.68,5/22 1ʱ
33.46,5/22 2ʱ
33.26,5/22 3ʱ
33.1,5/22 4ʱ
32.39,5/22 5ʱ
32.32,5/22 6ʱ
32.85,5/22 7ʱ
33.87,5/22 8ʱ
34.73,5/22 9ʱ
35.34,5/22 10ʱ
36.3,5/22 11ʱ
36.92,5/22 12ʱ
37.33,5/22 13ʱ
37.71,5/22 14ʱ
37.82,5/22 15ʱ
37.76,5/22 16ʱ
37.57,5/22 17ʱ
37.1,5/22 18ʱ
36.35,5/22 19ʱ
35.82,5/22 20ʱ
35.6,5/22 21ʱ
35.07,5/22 22ʱ
34.87,5/22 23ʱ
34.53,5/23 0ʱ
34.54,5/23 1ʱ
34.53,5/23 2ʱ
34.6,5/23 3ʱ
34.46,5/23 4ʱ
34.26,5/23 5ʱ
34.09,5/23 6ʱ
34.26,5/23 7ʱ
34.21,5/23 8ʱ
34.57,5/23 9ʱ
35.19,5/23 10ʱ
35.78,5/23 11ʱ
36.23,5/23 12ʱ
36.27,5/23 13ʱ
36.46,5/23 14ʱ
36.76,5/23 15ʱ
36.96,5/23 16ʱ
36.84,5/23 17ʱ
36.48,5/23 18ʱ
36.01,5/23 19ʱ
35.48,5/23 20ʱ
34.6,5/23 21ʱ
33.6,5/23 22ʱ
32.78,5/23 23ʱ
32.14,5/24 0ʱ
31.55,5/24 1ʱ
31.07,5/24 2ʱ
30.81,5/24 3ʱ
30.62,5/24 4ʱ
30.37,5/24 5ʱ
30.38,5/24 6ʱ
30.4,5/24 7ʱ
31.06,5/24 8ʱ
31.68,5/24 9ʱ
32.32,5/24 10ʱ
32.92,5/24 11ʱ
33.26,5/24 12ʱ
33.75,5/24 13ʱ
34.21,5/24 14ʱ
34.53,5/24 15ʱ
34.82,5/24 16ʱ
34.74,5/24 17ʱ
34.62,5/24 18ʱ
34.41,5/24 19ʱ
34.05,5/24 20ʱ
33.69,5/24 21ʱ
33.1,5/24 22ʱ
32.64,5/24 23ʱ
32.05,5/25 0ʱ
31.64,5/25 1ʱ
31.37,5/25 2ʱ
31.1,5/25 3ʱ
30.8,5/25 4ʱ
30.62,5/25 5ʱ
30.6,5/25 6ʱ
31.28,5/25 7ʱ
32.26,5/25 8ʱ
33.35,5/25 9ʱ
34.35,5/25 10ʱ
35.26,5/25 11ʱ
36.1,5/25 12ʱ
36.59,5/25 13ʱ
37.01,5/25 14ʱ
37.37,5/25 15ʱ
37.37,5/25 16ʱ
37.3,5/25 17ʱ
37.01,5/25 18ʱ
36.87,5/25 19ʱ
36.3,5/25 20ʱ
36.01,5/25 21ʱ
35.48,5/25 22ʱ
35.16,5/25 23ʱ
34.69,5/26 0ʱ
34.57,5/26 1ʱ
34.37,5/26 2ʱ
34.23,5/26 3ʱ
33.46,5/26 4ʱ
33.03,5/26 5ʱ
32.96,5/26 6ʱ
32.98,5/26 7ʱ
33.41,5/26 8ʱ
34.14,5/26 9ʱ
34.6,5/26 10ʱ
35.1,5/26 11ʱ
35.57,5/26 12ʱ
35.95,5/26 13ʱ
36.44,5/26 14ʱ
36.69,5/26 15ʱ
36.69,5/26 16ʱ
36.46,5/26 17ʱ
36.1,5/26 18ʱ
35.42,5/26 19ʱ
34.76,5/26 20ʱ
34.12,5/26 21ʱ
33.35,5/26 22ʱ
32.96,5/26 23ʱ
32.55,5/27 0ʱ
32.31,5/27 1ʱ
32.21,5/27 2ʱ
32.24,5/27 3ʱ
32.28,5/27 4ʱ
32.23,5/27 5ʱ
32.39,5/27 6ʱ
32.89,5/27 7ʱ
33.48,5/27 8ʱ
34.03,5/27 9ʱ
34.79,5/27 10ʱ
35.48,5/27 11ʱ
36.1,5/27 12ʱ
36.66,5/27 13ʱ
37.14,5/27 14ʱ
37.3,5/27 15ʱ
37.39,5/27 16ʱ
37.1,5/27 17ʱ
36.89,5/27 18ʱ
36.91,5/27 19ʱ
36.62,5/27 20ʱ
36.46,5/27 21ʱ
36.14,5/27 22ʱ
35.71,5/27 23ʱ
35.21,5/28 0ʱ
35.05,5/28 1ʱ
34.76,5/28 2ʱ
34.74,5/28 3ʱ
34.41,5/28 4ʱ
34.26,5/28 5ʱ
34.19,5/28 6ʱ
34.16,5/28 7ʱ
34.44,5/28 8ʱ
34.57,5/28 9ʱ
34.6,5/28 10ʱ
34.69,5/28 11ʱ
35.14,5/28 12ʱ
35.35,5/28 13ʱ
35.6,5/28 14ʱ
35.32,5/28 15ʱ
35.23,5/28 16ʱ
34.78,5/28 17ʱ
34.03,5/28 18ʱ
33.3,5/28 19ʱ
32.87,5/28 20ʱ
32.07,5/28 21ʱ
31.52,5/28 22ʱ
31.24,5/28 23ʱ
31.04,5/29 0ʱ
31.22,5/29 1ʱ
31.48,5/29 2ʱ
31.55,5/29 3ʱ
31.78,5/29 4ʱ
32.01,5/29 5ʱ
32.28,5/29 6ʱ
32.55,5/29 7ʱ
32.8,5/29 8ʱ
33.3,5/29 9ʱ
34.1,5/29 10ʱ
34.76,5/29 11ʱ
35.24,5/29 12ʱ
35.91,5/29 13ʱ
36.39,5/29 14ʱ
36.89,5/29 15ʱ
37.35,5/29 16ʱ
37.53,5/29 17ʱ
37.3,5/29 18ʱ
37.14,5/29 19ʱ
36.85,5/29 20ʱ
36.12,5/29 21ʱ
35.69,5/29 22ʱ
35.35,5/29 23ʱ
35.09,5/30 0ʱ
35.01,5/30 1ʱ
35.07,5/30 2ʱ
35.14,5/30 3ʱ
35.21,5/30 4ʱ
35.46,5/30 5ʱ
35.8,5/30 6ʱ
36.17,5/30 7ʱ
36.6,5/30 8ʱ
37.39,5/30 9ʱ
37.96,5/30 10ʱ
37.69,5/30 11ʱ
36.67,5/30 12ʱ
35.98,5/30 13ʱ
35.76,5/30 14ʱ
35.62,5/30 15ʱ
35.21,5/30 16ʱ
35.12,5/30 17ʱ
34.91,5/30 18ʱ
34.66,5/30 19ʱ
34.26,5/30 20ʱ
34.01,5/30 21ʱ
33.66,5/30 22ʱ
33.23,5/30 23ʱ
32.8,5/31 0ʱ
32.37,5/31 1ʱ
32.12,5/31 2ʱ
32.05,5/31 3ʱ
31.91,5/31 4ʱ
31.99,5/31 5ʱ
32.73,5/31 6ʱ
33.67,5/31 7ʱ
34.87,5/31 8ʱ
35.89,5/31 9ʱ
36.78,5/31 10ʱ
37.53,5/31 11ʱ
38.21,5/31 12ʱ
38.76,5/31 13ʱ
39.12,5/31 14ʱ
39.26,5/31 15ʱ
39.1,5/31 16ʱ
38.6,5/31 17ʱ
38.14,5/31 18ʱ
37.73,5/31 19ʱ
37.39,5/31 20ʱ
36.87,5/31 21ʱ
36.55,5/31 22ʱ
36.41,5/31 23ʱ
36.51,6/1 0ʱ
36.62,6/1 1ʱ
36.69,6/1 2ʱ
36.67,6/1 3ʱ
36.62,6/1 4ʱ
36.62,6/1 5ʱ
36.62,6/1 6ʱ
36.54,6/1 7ʱ
36.74,6/1 8ʱ
36.84,6/1 9ʱ
36.82,6/1 10ʱ
36.71,6/1 11ʱ
36.6,6/1 12ʱ
36.39,6/1 13ʱ
36.42,6/1 14ʱ
36.55,6/1 15ʱ
36.6,6/1 16ʱ
36.39,6/1 17ʱ
36.14,6/1 18ʱ
35.66,6/1 19ʱ
35.51,6/1 20ʱ
35.26,6/1 21ʱ
34.94,6/1 22ʱ
34.66,6/1 23ʱ
34.51,6/2 0ʱ
34.36,6/2 1ʱ
33.98,6/2 2ʱ
33.78,6/2 3ʱ
33.57,6/2 4ʱ
33.46,6/2 5ʱ
33.69,6/2 6ʱ
34.03,6/2 7ʱ
34.87,6/2 8ʱ
35.49,6/2 9ʱ
36.26,6/2 10ʱ
37.16,6/2 11ʱ
37.94,6/2 12ʱ
38.52,6/2 13ʱ
39.09,6/2 14ʱ
39.48,6/2 15ʱ
39.82,6/2 16ʱ
39.85,6/2 17ʱ
39.78,6/2 18ʱ
39.44,6/2 19ʱ
39.28,6/2 20ʱ
39.01,6/2 21ʱ
38.78,6/2 22ʱ
38.37,6/2 23ʱ
38.03,6/3 0ʱ
37.51,6/3 1ʱ
36.94,6/3 2ʱ
36.35,6/3 3ʱ
35.87,6/3 4ʱ
35.55,6/3 5ʱ
35.39,6/3 6ʱ
35.55,6/3 7ʱ
36.01,6/3 8ʱ
36.48,6/3 9ʱ
36.91,6/3 10ʱ
37.26,6/3 11ʱ
37.73,6/3 12ʱ
37.98,6/3 13ʱ
37.96,6/3 14ʱ
38.12,6/3 15ʱ
38.32,6/3 16ʱ
38.17,6/3 17ʱ
37.92,6/3 18ʱ
37.85,6/3 19ʱ
37.76,6/3 20ʱ
37.3,6/3 21ʱ
37.05,6/3 22ʱ
36.8,6/3 23ʱ
36.44,6/4 0ʱ
36.12,6/4 1ʱ
35.92,6/4 2ʱ
35.64,6/4 3ʱ
35.41,6/4 4ʱ
35.44,6/4 5ʱ
35.8,6/4 6ʱ
36.28,6/4 7ʱ
36.6,6/4 8ʱ
36.42,6/4 9ʱ
35.96,6/4 10ʱ
36.14,6/4 11ʱ
36.3,6/4 12ʱ
36.46,6/4 13ʱ
36.6,6/4 14ʱ
36.87,6/4 15ʱ
36.84,6/4 16ʱ
36.74,6/4 17ʱ
36.89,6/4 18ʱ
36.71,6/4 19ʱ
36.71,6/4 20ʱ
36.62,6/4 21ʱ
36.64,6/4 22ʱ
36.55,6/4 23ʱ
36.48,6/5 0ʱ
36.46,6/5 1ʱ
36.49,6/5 2ʱ
36.21,6/5 3ʱ
35.84,6/5 4ʱ
35.21,6/5 5ʱ
34.96,6/5 6ʱ
34.12,6/5 7ʱ
34.03,6/5 8ʱ
33.76,6/5 9ʱ
33.78,6/5 10ʱ
34.35,6/5 11ʱ
34.87,6/5 12ʱ
35.41,6/5 13ʱ
35.69,6/5 14ʱ
36.19,6/5 15ʱ
36.55,6/5 16ʱ
36.6,6/5 17ʱ
36.51,6/5 18ʱ
36.37,6/5 19ʱ
36.35,6/5 20ʱ
36.12,6/5 21ʱ
35.8,6/5 22ʱ
35.57,6/5 23ʱ
35.28,6/6 0ʱ
34.8,6/6 1ʱ
34.6,6/6 2ʱ
34.6,6/6 3ʱ
34.26,6/6 4ʱ
34.3,6/6 5ʱ
34.64,6/6 6ʱ
35.24,6/6 7ʱ
36.03,6/6 8ʱ
36.76,6/6 9ʱ
37.64,6/6 10ʱ
38.73,6/6 11ʱ
39.46,6/6 12ʱ
40.05,6/6 13ʱ
40.44,6/6 14ʱ
40.87,6/6 15ʱ
41.1,6/6 16ʱ
41.1,6/6 17ʱ
41.1,6/6 18ʱ
40.94,6/6 19ʱ
40.59,6/6 20ʱ
40.32,6/6 21ʱ
39.94,6/6 22ʱ
39.64,6/6 23ʱ
38.82,6/7 0ʱ
38.05,6/7 1ʱ
37.32,6/7 2ʱ
36.69,6/7 3ʱ
36.1,6/7 4ʱ
35.69,6/7 5ʱ
35.69,6/7 6ʱ
36.01,6/7 7ʱ
36.37,6/7 8ʱ
36.85,6/7 9ʱ
37.1,6/7 10ʱ
37.44,6/7 11ʱ
37.73,6/7 12ʱ
37.78,6/7 13ʱ
37.96,6/7 14ʱ
37.96,6/7 15ʱ
37.87,6/7 16ʱ
37.69,6/7 17ʱ
37.42,6/7 18ʱ
37.07,6/7 19ʱ
36.74,6/7 20ʱ
36.32,6/7 21ʱ
35.73,6/7 22ʱ
35.57,6/7 23ʱ
35.32,6/8 0ʱ
35.01,6/8 1ʱ
34.73,6/8 2ʱ
34.49,6/8 3ʱ
34.28,6/8 4ʱ
34.19,6/8 5ʱ
34.91,6/8 6ʱ
35.82,6/8 7ʱ
36.94,6/8 8ʱ
37.98,6/8 9ʱ
38.91,6/8 10ʱ
39.66,6/8 11ʱ
40.28,6/8 12ʱ
40.76,6/8 13ʱ
41.21,6/8 14ʱ
41.34,6/8 15ʱ
41.26,6/8 16ʱ
41.03,6/8 17ʱ
40.6,6/8 18ʱ
40.14,6/8 19ʱ
39.53,6/8 20ʱ
38.82,6/8 21ʱ
38.17,6/8 22ʱ
37.67,6/8 23ʱ
37.32,6/9 0ʱ
37.01,6/9 1ʱ
36.64,6/9 2ʱ
36.23,6/9 3ʱ
35.89,6/9 4ʱ
35.71,6/9 5ʱ
36.28,6/9 6ʱ
37.23,6/9 7ʱ
38.3,6/9 8ʱ
39.21,6/9 9ʱ
40.05,6/9 10ʱ
40.94,6/9 11ʱ
41.55,6/9 12ʱ
41.92,6/9 13ʱ
42.21,6/9 14ʱ
42.42,6/9 15ʱ
42.57,6/9 16ʱ
42.41,6/9 17ʱ
42.12,6/9 18ʱ
41.69,6/9 19ʱ
41.07,6/9 20ʱ
40.44,6/9 21ʱ
39.53,6/9 22ʱ
38.73,6/9 23ʱ
38.3,6/10 0ʱ
37.98,6/10 1ʱ
37.73,6/10 2ʱ
37.41,6/10 3ʱ
37.3,6/10 4ʱ
37.46,6/10 5ʱ
37.78,6/10 6ʱ
38.21,6/10 7ʱ
39.07,6/10 8ʱ
39.76,6/10 9ʱ
40.23,6/10 10ʱ
40.41,6/10 11ʱ
40.57,6/10 12ʱ
40.41,6/10 13ʱ
40.1,6/10 14ʱ
39.6,6/10 15ʱ
39.01,6/10 16ʱ
38.21,6/10 17ʱ
37.37,6/10 18ʱ
36.55,6/10 19ʱ
35.8,6/10 20ʱ
35.16,6/10 21ʱ
34.64,6/10 22ʱ
34.26,6/10 23ʱ
33.98,6/11 0ʱ
33.82,6/11 1ʱ
33.64,6/11 2ʱ
33.3,6/11 3ʱ
33.16,6/11 4ʱ
33.53,6/11 5ʱ
34.23,6/11 6ʱ
35.05,6/11 7ʱ
35.76,6/11 8ʱ
36.39,6/11 9ʱ
36.98,6/11 10ʱ
37.57,6/11 11ʱ
38.01,6/11 12ʱ
38.3,6/11 13ʱ
38.64,6/11 14ʱ
38.91,6/11 15ʱ
39.01,6/11 16ʱ
38.85,6/11 17ʱ
38.66,6/11 18ʱ
38.26,6/11 19ʱ
37.69,6/11 20ʱ
37.05,6/11 21ʱ
36.3,6/11 22ʱ
35.8,6/11 23ʱ
35.46,6/12 0ʱ
35.19,6/12 1ʱ
35.09,6/12 2ʱ
34.85,6/12 3ʱ
34.69,6/12 4ʱ
34.41,6/12 5ʱ
34.37,6/12 6ʱ
34.28,6/12 7ʱ
34.1,6/12 8ʱ
34.26,6/12 9ʱ
34.26,6/12 10ʱ
34.16,6/12 11ʱ
34.21,6/12 12ʱ
34.39,6/12 13ʱ
34.51,6/12 14ʱ
34.46,6/12 15ʱ
34.32,6/12 16ʱ
34.1,6/12 17ʱ
33.71,6/12 18ʱ
33.21,6/12 19ʱ
32.69,6/12 20ʱ
32.37,6/12 21ʱ
31.91,6/12 22ʱ
31.68,6/12 23ʱ
31.56,6/13 0ʱ
31.61,6/13 1ʱ
31.81,6/13 2ʱ
31.89,6/13 3ʱ
31.88,6/13 4ʱ
31.83,6/13 5ʱ
31.69,6/13 6ʱ
31.66,6/13 7ʱ
31.88,6/13 8ʱ
32.39,6/13 9ʱ
32.91,6/13 10ʱ
33.39,6/13 11ʱ
33.91,6/13 12ʱ
34.3,6/13 13ʱ
34.73,6/13 14ʱ
35.12,6/13 15ʱ
35.44,6/13 16ʱ
35.59,6/13 17ʱ
35.64,6/13 18ʱ
35.66,6/13 19ʱ
35.78,6/13 20ʱ
35.55,6/13 21ʱ
35.51,6/13 22ʱ
35.62,6/13 23ʱ
35.32,6/14 0ʱ
35.53,6/14 1ʱ
35.48,6/14 2ʱ
35.32,6/14 3ʱ
35.03,6/14 4ʱ
34.73,6/14 5ʱ
35.3,6/14 6ʱ
35.96,6/14 7ʱ
36.55,6/14 8ʱ
37.14,6/14 9ʱ
37.82,6/14 10ʱ
38.66,6/14 11ʱ
39.28,6/14 12ʱ
39.73,6/14 13ʱ
40.03,6/14 14ʱ
40.19,6/14 15ʱ
40.03,6/14 16ʱ
39.91,6/14 17ʱ
39.62,6/14 18ʱ
39.21,6/14 19ʱ
38.66,6/14 20ʱ
38.24,6/14 21ʱ
37.89,6/14 22ʱ
37.69,6/14 23ʱ
37.46,6/15 0ʱ
37.41,6/15 1ʱ
37.3,6/15 2ʱ
37.19,6/15 3ʱ
37.1,6/15 4ʱ
37.03,6/15 5ʱ
37.48,6/15 6ʱ
38.28,6/15 7ʱ
39.39,6/15 8ʱ
40.12,6/15 9ʱ
40.73,6/15 10ʱ
41.41,6/15 11ʱ
42.01,6/15 12ʱ
42.49,6/15 13ʱ
42.84,6/15 14ʱ
43.01,6/15 15ʱ
43.21,6/15 16ʱ
43.39,6/15 17ʱ
43.1,6/15 18ʱ
42.55,6/15 19ʱ
41.98,6/15 20ʱ
41.23,6/15 21ʱ
40.6,6/15 22ʱ
40.09,6/15 23ʱ
40.07,6/16 0ʱ
39.84,6/16 1ʱ
39.41,6/16 2ʱ
38.96,6/16 3ʱ
38.6,6/16 4ʱ
38.46,6/16 5ʱ
38.91,6/16 6ʱ
39.89,6/16 7ʱ
41.03,6/16 8ʱ
42.01,6/16 9ʱ
42.76,6/16 10ʱ
43.55,6/16 11ʱ
44.34,6/16 12ʱ
44.74,6/16 13ʱ
45.09,6/16 14ʱ
45.24,6/16 15ʱ
45.24,6/16 16ʱ
45.01,6/16 17ʱ
44.23,6/16 18ʱ
43.35,6/16 19ʱ
42.91,6/16 20ʱ
42.03,6/16 21ʱ
41.49,6/16 22ʱ
41.05,6/16 23ʱ
40.62,6/17 0ʱ
40.24,6/17 1ʱ
39.62,6/17 2ʱ
39.39,6/17 3ʱ
38.96,6/17 4ʱ
38.78,6/17 5ʱ
38.98,6/17 6ʱ
39.84,6/17 7ʱ
40.74,6/17 8ʱ
41.66,6/17 9ʱ
42.44,6/17 10ʱ
43.12,6/17 11ʱ
43.64,6/17 12ʱ
44.1,6/17 13ʱ
44.26,6/17 14ʱ
44.41,6/17 15ʱ
44.55,6/17 16ʱ
44.59,6/17 17ʱ
44.12,6/17 18ʱ
43.57,6/17 19ʱ
43.1,6/17 20ʱ
42.46,6/17 21ʱ
41.85,6/17 22ʱ
41.07,6/17 23ʱ
40.44,6/18 0ʱ
39.84,6/18 1ʱ
39.23,6/18 2ʱ
38.73,6/18 3ʱ
38.34,6/18 4ʱ
38.23,6/18 5ʱ
38.74,6/18 6ʱ
39.46,6/18 7ʱ
40.28,6/18 8ʱ
41.17,6/18 9ʱ
42.01,6/18 10ʱ
42.82,6/18 11ʱ
43.26,6/18 12ʱ
43.73,6/18 13ʱ
44.07,6/18 14ʱ
44.3,6/18 15ʱ
44.3,6/18 16ʱ
44.26,6/18 17ʱ
44.01,6/18 18ʱ
43.66,6/18 19ʱ
42.85,6/18 20ʱ
42.3,6/18 21ʱ
41.67,6/18 22ʱ
41.12,6/18 23ʱ
40.55,6/19 0ʱ
40.3,6/19 1ʱ
39.96,6/19 2ʱ
39.6,6/19 3ʱ
39.14,6/19 4ʱ
39.07,6/19 5ʱ
38.87,6/19 6ʱ
39.26,6/19 7ʱ
39.8,6/19 8ʱ
40.46,6/19 9ʱ
41.07,6/19 10ʱ
41.78,6/19 11ʱ
42.41,6/19 12ʱ
42.85,6/19 13ʱ
43.09,6/19 14ʱ
42.92,6/19 15ʱ
42.53,6/19 16ʱ
42.14,6/19 17ʱ
41.66,6/19 18ʱ
41.21,6/19 19ʱ
40.6,6/19 20ʱ
39.89,6/19 21ʱ
39.16,6/19 22ʱ
38.66,6/19 23ʱ
38.19,6/20 0ʱ
37.94,6/20 1ʱ
37.6,6/20 2ʱ
37.64,6/20 3ʱ
37.82,6/20 4ʱ
38.03,6/20 5ʱ
38.55,6/20 6ʱ
39.09,6/20 7ʱ
39.64,6/20 8ʱ
40.19,6/20 9ʱ
40.64,6/20 10ʱ
40.82,6/20 11ʱ
41.14,6/20 12ʱ
41.39,6/20 13ʱ
41.69,6/20 14ʱ
41.89,6/20 15ʱ
41.96,6/20 16ʱ
41.92,6/20 17ʱ
41.73,6/20 18ʱ
41.49,6/20 19ʱ
41.05,6/20 20ʱ
